Sample_ID;Depth;Date;Core;Sample;Li;Be;Al;V;Cr;Mn;Fe;Co;Ni;Cu;Zn;As;Mo;Ag;Cd;Sn;Sb;Pb;U;Hg
RO_A1;0,5;2023;Roscoff;RO_A1;34,079;2,277;47650;59,908;49,924;295,7;18388;5,665;14,461;7,08;66,044;7,373;0,565;0,11;0,293;2,855;0,58;21,742;2,981;0,029
RO_A3;2,5;2021;Roscoff;RO_A3;42,562;2,156;51365;63,193;50,226;252,6;19345;5,988;16,654;9,268;79,729;8,728;1,533;0,107;0,346;3,131;0,643;24,592;2,43;0,032
RO_A6;5,5;2017;Roscoff;RO_A6;37,125;2,038;49516;59,754;47,892;276,6;18147;5,731;15,007;7,04;68,159;7,326;1,456;0,099;0,28;2,851;0,601;23,244;2,577;0,021
RO_A9;8,5;2014;Roscoff;RO_A9;43,638;2,372;49892;65,64;53,356;249,7;20049;6,048;17,478;10,408;79,632;8,842;1,382;0,123;0,304;3,443;0,811;26,187;2,643;0,033
RO_A12;11,5;2011;Roscoff;RO_A12;41,031;2,307;49066;60,984;52,389;249,4;18277;5,798;16,74;9,522;74,086;7,176;0,857;0,114;0,305;3,085;0,657;24,815;2,444;0,03
RO_A15;14,5;2008;Roscoff;RO_A15;42,079;2,132;49157;59,661;48,396;241,3;18432;5,721;15,68;8,837;72,343;6,012;1,187;0,11;0,297;3,106;0,599;24,403;2,33;0,026
RO_A17;16,5;2006;Roscoff;RO_A17;37,249;2,584;48468;57,131;45,195;259,8;17791;5,579;14,401;6,922;67,218;5,739;0,8;0,098;0,292;2,9;0,592;22,421;2,123;0,023
RO_A20;19,5;2003;Roscoff;RO_A20;38,474;2,311;49898;59,81;47,072;270,4;18123;5,724;14,965;7,733;67,643;5,789;0,767;0,109;0,289;2,958;0,611;23,231;2,506;0,025
RO_A23;22,5;1999;Roscoff;RO_A23;40,48;2,823;48903;59,434;48,567;248,8;18882;5,777;15,671;8,412;73,971;7,442;1,427;0,114;0,331;3,111;0,636;24,212;2,54;0,028
RO_A25;24,5;1997;Roscoff;RO_A25;40,67;2,369;48179;58,171;46,495;243;18476;5,615;15,192;8,14;72,027;5,981;1,452;0,111;0,328;3,045;0,612;23,717;2,38;0,028
RO_A27;26,5;1995;Roscoff;RO_A27;42,583;2,545;49323;59,718;48,344;241,1;19149;5,916;16,001;8,933;75,745;6,156;1,603;0,11;0,352;3,14;0,656;24,448;2,582;0,029
RO_A30;29,5;1992;Roscoff;RO_A30;40,596;2,394;48088;56,997;46,095;244;18309;5,508;15,002;7,98;71,591;6,492;2,878;0,115;0,347;3,058;0,677;23,571;2,986;0,027
RO_A33;32,5;1989;Roscoff;RO_A33;41,125;2,104;47216;56,955;45,449;232,9;18435;5,516;15,24;8,6;71,745;6,247;2,882;0,11;0,371;3,034;0,638;24,286;2,851;0,029
RO_A35;34,5;1987;Roscoff;RO_A35;40,597;2,225;46985;56,483;44,837;228;17791;5,391;14,608;8,234;70,412;5,555;1,759;0,11;0,306;3,005;0,644;24,047;2,597;0,028
RO_A37;36,5;1985;Roscoff;RO_A37;38,672;2,741;46679;55,073;45,241;242,8;17531;5,348;14,607;7,548;68,634;5,867;1,655;0,107;0,311;2,998;0,642;23,837;2,743;0,026
RO_A39;38,5;1982;Roscoff;RO_A39;39,565;2,162;48033;54,269;44,878;253;17153;5,367;14,129;6,957;66,012;5,224;1,593;0,11;0,303;3,335;0,574;24,351;2,763;0,025
RO_A41;40,5;1980;Roscoff;RO_A41;41,122;2,544;47344;54,065;44,896;239,7;17530;5,374;14,271;7,295;67,203;5,397;1,149;0,106;0,328;2,983;0,593;24,469;2,353;0,029
RO_A43;42,5;1978;Roscoff;RO_A43;40,612;2,081;47490;55,007;44,273;229,9;17494;5,495;14,597;7,378;65,659;4,688;0,879;0,1;0,267;2,995;0,565;25,074;2,121;0,025
RO_A45;44,5;1976;Roscoff;RO_A45;55,916;2,435;50948;69,081;55,013;228,5;22642;6,391;19,615;12,267;95,636;7,393;1,97;0,152;0,474;4,124;0,742;34,801;2,881;0,047
RO_A48;47,5;1973;Roscoff;RO_A48;38,914;2,105;47208;52,492;41,783;247,8;17113;5,308;13,613;6,13;64,342;4,458;0,788;0,098;0,314;3,006;0,539;23,127;2,103;0,03
RO_A50;49,5;1971;Roscoff;RO_A50;36,374;2,175;46825;54,241;44,579;266;17051;5,23;13,43;5,924;61,414;5,103;1,287;0,097;0,282;2,909;0,549;24,515;2,623;0,025
RO_A52;51,5;1969;Roscoff;RO_A52;36,379;2,673;50063;58,163;45,281;271,587;17726;5,424;13,879;8,517;63,11;5,122;1,786;0,1;0,29;3,036;0,8;22,254;2,486;0,031
RO_A54;53,5;1967;Roscoff;RO_A54;37,647;3,056;49408;54,497;44,454;247,914;17066;5,331;13,998;8,358;63,34;4,965;0,941;0,101;0,274;2,925;0,534;22,857;2,129;0,026
RO_A56;55,5;1964;Roscoff;RO_A56;38,593;2,504;48826;54,346;44,213;249,863;17301;5,253;13,235;8,299;60,195;5,247;1,294;0,097;0,279;2,905;0,576;23,446;2,502;0,024
RO_A59;58,5;1961;Roscoff;RO_A59;38,469;3,105;50485;57,6;46,961;258,05;18186;5,569;14,867;9,418;65,067;5,737;1,596;0,105;0,311;3,001;0,589;22,946;2,476;0,029
RO_A62;61,5;1958;Roscoff;RO_A62;37,731;2,314;50422;55,729;44,944;267,973;17742;5,513;14,07;8,315;61,408;4,992;1,002;0,095;0,278;2,835;0,55;24,019;2,188;0,025
RB_A1;0,5;2022;Aulne;RB_A1;67,519;2,541;54553;84,669;61,864;183,404;28212;7,896;22,425;14,367;314,379;14,094;0,758;0,569;1,44;4,382;1,915;162,948;2,807;0,253
RB_A4;3,5;2017;Aulne;RB_A4;84,006;3,321;65650;107,848;76,488;205,675;34063;9,686;28,384;19,423;404,954;17,154;1,62;0,771;1,817;4,763;2,579;215,735;3,681;0,356
RB_A6;5,5;2014;Aulne;RB_A6;90,513;2,85;69244;114,411;83,199;207,986;35784;10,155;30,531;21,24;429,26;18,232;2,297;0,867;2,035;5,405;2,845;235,786;4,208;0,369
RB_A8;7,5;2010;Aulne;RB_A8;95,453;3,11;71425;119,094;84,674;205,854;37325;10,617;31,295;22,038;443,399;20,37;2,732;0,912;1,987;5,642;2,971;256,009;4,396;0,383
RB_A10;9,5;2006;Aulne;RB_A10;94,322;3,162;70234;116,746;83,015;198,803;36341;10,367;30,401;21,257;441,983;19,134;1,937;0,872;1,843;6,87;2,719;251,665;4,106;0,385
RB_A13;12,5;2001;Aulne;RB_A13;94,707;3,168;70243;115,234;81,585;202,512;36444;10,349;29,798;21,943;447,634;21,066;2,607;0,91;1,943;5,405;2,739;261,321;4,217;0,381
RB_A15;14,5;1996;Aulne;RB_A15;103,466;3,51;75431;125,178;88,448;217,587;39014;10,836;31,964;23,788;483,9;22,404;3,421;1,023;2,226;6,113;2,949;290,6;4,508;0,431
RB_A17;16,5;1992;Aulne;RB_A17;93,18;2,841;68082;109,349;78,462;200,669;35112;9,896;28,564;21,055;451,1;18,792;2,85;0,886;2,281;5,459;2,85;262,08;3,92;0,42
RB_A19;18,5;1988;Aulne;RB_A19;95,625;2,923;68828;110,769;79,589;205,866;35652;10,04;29,247;21,569;458,109;19,484;3,197;0,947;2,152;5,658;2,9;272,849;4,156;0,444
RB_A21;20,5;1984;Aulne;RB_A21;91,857;2,965;65668;106,748;76,431;197,998;34137;9,539;27,586;20,812;434,326;18,747;2,734;0,889;2;5,553;2,679;260,634;3,981;0,435
RB_A23;22,5;1980;Aulne;RB_A23;96,568;3,201;69905;111,571;81,704;203,076;35636;9,917;29,191;22,122;461,335;18,877;2,759;0,938;2,247;6,006;2,795;274,802;4,341;0,432
RB_A25;24,5;1977;Aulne;RB_A25;92,674;2,923;67440;108,551;78,157;196,423;35033;9,492;28,079;21,675;436,565;19,046;3,492;0,858;2,078;5,799;2,659;258,977;4,185;0,419
RB_A27;26,5;1973;Aulne;RB_A27;94,728;3,1;68637;111,625;83,088;202,859;35546;9,739;32,35;22,182;448,823;19,545;2,836;0,895;2,126;6,004;2,659;271,777;4,181;0,515
RB_A28;27,5;1971;Aulne;RB_A28;100,044;3,13;71208;115,777;83,185;208,466;36517;9,926;29,834;22,88;462,694;19,497;3,349;0,932;2,156;6,322;2,829;282,801;4,421;0,49
RB_A30;29,5;1967;Aulne;RB_A30;97,961;2,982;69086;115,461;83,606;204,749;35723;9,769;30,399;22,539;446,492;21,426;3,407;0,891;2,133;6,327;2,851;274,568;4,324;0,499
RB_A31;30,5;1965;Aulne;RB_A31;99,829;3,016;71125;116,98;83,654;207,759;37452;9,762;29,726;22,622;440,827;22,982;3,609;0,863;2,046;6,701;3,668;269,459;4,187;0,449
RB_A33;32,5;1961;Aulne;RB_A33;93,106;2,418;66848;106,078;76,573;198,415;34415;9,099;26,913;20,02;424,576;22,336;2,715;0,741;2,022;6,717;2,513;248,209;3,66;0,436
RB_A35;34,5;1957;Aulne;RB_A35;95,538;3,067;67907;110,379;78,847;203,653;35679;9,391;28,26;21,37;442,565;21,556;2,432;0,833;2,128;6,289;2,558;266,763;3,5;0,515
RB_A37;36,5;1953;Aulne;RB_A37;93,028;2,655;67045;107,31;77,369;198,82;34222;9,092;27,239;20,347;414,744;19,448;2,073;0,76;1,865;6,38;2,601;248,081;3,57;0,459
RB_A38;37,5;1951;Aulne;RB_A38;95,412;2,977;72439;117,403;85,302;215,678;36855;9,97;29,644;22,297;446,236;21,09;2,158;0,788;1,97;6,523;2,594;250,028;3,502;0,454
RB_A39;38,5;1949;Aulne;RB_A39;95,602;2,883;74077;120,866;86,827;222,187;37539;10,07;29,93;22,005;458,817;21,704;2,097;0,812;1,935;6,831;2,527;261,294;3,534;0,476
RB_A40;39,5;1947;Aulne;RB_A40;99,948;3,284;74708;123,374;87,61;225,042;37759;10,083;30,134;22,901;450,854;21,208;2,462;0,814;1,839;6,901;2,647;259,83;3,634;0,498
RB_A42;41,5;1944;Aulne;RB_A42;101,419;2,693;74758;123,835;88,017;224,714;39123;10,184;30,612;23,125;467,837;22,961;2,09;0,86;1,995;7,335;2,573;274,739;3,431;0,533
RB_A43;42,5;1942;Aulne;RB_A43;97,076;2,995;72591;119,835;86,178;218,707;39313;9,989;30,325;22,555;454,272;23,333;3,001;0,847;1,997;7,027;2,644;268,205;3,42;0,53
RB_A45;44,5;1937;Aulne;RB_A45;98,501;2,422;72192;117,705;84,965;219,299;37979;9,854;29,821;22,564;442,655;22,733;2,226;0,815;1,886;7,117;2,53;265,474;3,378;0,505
RB_A46;45,5;1934;Aulne;RB_A46;98,851;2,672;72614;120,674;86,227;220,002;38703;9,829;30,385;23,707;439,103;23,884;2,291;0,827;1,786;7,222;2,593;264,553;3,412;0,519
RB_A48;47,5;1929;Aulne;RB_A48;98,75;3,26;72176;120,373;85,844;220,935;38406;9,977;30,199;23,094;453,495;23,382;1,754;0,836;2,064;7,155;2,584;270,841;3,271;0,509
RB_A52;51,5;1918;Aulne;RB_A52;102,64;2,721;73271;123,967;87,826;221,022;40302;10,125;30,816;22,417;469,787;25,269;1,902;0,869;1,865;7,502;2,722;287,771;3,311;0,562
RB_A54;53,5;1913;Aulne;RB_A54;96,058;2,695;67684;110,749;80,884;215,794;36276;9,428;27,943;20,693;436,419;20,856;1,375;0,759;1,893;6,983;2,489;258,267;3,278;0,494
RB_A57;56,5;1905;Aulne;RB_A57;66,943;2,082;49809;78,912;56,85;187,77;29435;8,099;19,894;12,676;424,293;15,041;1,098;0,476;1,579;4,447;1,766;192,197;2,768;0,316
LO_A1;0,5;2024;Lorient;LO_A1;43,447;3,359;48702;38,445;31,904;245,216;14406;3,602;9,822;6,542;76,043;6,946;0,836;0,114;0,222;5,293;0,651;32,067;3,665;0,02
LO_A3;2,5;2018;Lorient;LO_A3;40,662;2,868;47150;31,076;25,491;159,322;11521;2,869;7,985;6,112;63,388;6,055;1,466;0,121;0,176;4,986;0,584;33,776;3,414;0,02
LO_A5;4,5;2003;Lorient;LO_A5;29,249;1,822;38103;15,822;11,014;67,341;5650;1,484;3,733;3,214;34,633;4,151;1,064;0,091;0,124;3,987;0,382;32,702;2,318;0,031
LO_A6;5,5;1996;Lorient;LO_A6;55,768;2,596;51889;46,238;34,37;136,947;16725;4,176;12,719;6,955;65,299;10,128;7,727;0,106;0,163;5,2;0,779;35,222;4,72;0,027
LO_A7;6,5;1990;Lorient;LO_A7;76,964;3,398;66167;70,052;51,355;192,162;25275;6,247;19,361;10,035;93,79;14,552;12,364;0,134;0,217;7,291;1,092;40,117;6,713;0,03
LO_A8;7,5;1984;Lorient;LO_A8;67,752;2,948;59252;58,184;44,825;175,828;21982;5,46;16,614;7,95;75,141;12,806;10,171;0,1;0,162;5,418;1,011;36,884;6,19;0,027
LO_A10;9,5;1972;Lorient;LO_A10;69,273;4,548;62270;60,976;45,931;185,638;22512;5,559;17,368;8,041;72,236;10,404;12,831;0,106;0,167;5,709;0,87;43,079;5,793;0,02
LO_A12;11,5;1964;Lorient;LO_A12;85,854;3,761;67310;75,371;59,409;228,111;28840;7,048;21,891;9,837;95,237;13,61;11,681;0,115;0,207;6,06;1,094;38,958;6,755;0,021
LO_A13;12,5;1959;Lorient;LO_A13;86,373;3,697;75217;81,876;122,681;248,171;31485;8,475;90,858;12,491;100,607;15,292;13,341;0,135;0,216;6,884;1,38;50,434;7,231;0,023
LO_A14;13,5;1948;Lorient;LO_A14;96,124;4,728;72060;90,407;70,793;268,993;33711;8,487;26,597;11,562;108,214;16,245;13,64;0,126;0,222;6,632;1,355;37,799;8,025;0,02
LO_A18;17,5;;Lorient;LO_A18;89,486;3,676;63511;85,303;64,92;232,435;31285;7,57;23,794;10,231;98,805;14,885;17,667;0,116;0,224;5,916;1,223;32,768;7,989;0,021
LO_A24;23,5;;Lorient;LO_A24;70,808;4,997;60949;63,183;55,13;287,787;23851;6,13;17,629;7,422;81,056;12,007;3,692;0,105;0,178;5,92;0,994;29,159;5,262;0,012
LO_A33;32,5;;Lorient;LO_A33;91,353;7,704;69572;87,318;69,669;279,955;32030;8,35;25,321;10,845;106,471;12,419;2,629;0,117;0,22;6,553;1,11;34,733;4,395;0,019
LO_A45;45,5;;Lorient;LO_A45;70,386;3,874;58637;67,507;53,393;234,461;25721;6,071;20,674;7,876;92,042;14,764;18,678;0,125;0,32;5,11;1,241;36,195;10,384;0,012
LO_A54;53,5;;Lorient;LO_A54;71,804;3,679;57700;74,654;60,664;258,071;26875;6,404;23,651;8,5;99,599;12,918;27,346;0,139;0,39;4,986;1,171;41,421;13,397;0,014
LO_A63;62,5;;Lorient;LO_A63;63,591;3,927;56067;64,868;51,675;280,047;23742;5,691;17,541;6,951;86,307;11,999;18,323;0,115;0,313;5,06;1,157;38,766;8,748;0,011
LT-A1;0,5;2023;LaTremblade;LT-A1;30,878;1,605;40400;45,784;30,892;329,1;15719;5,065;10,582;4,501;57,926;9,924;0,319;0,068;0,123;2,53;0,715;24,491;1,979;0,027
LT-A3;2,5;2018;LaTremblade;LT-A3;47,647;2,21;49742;65,444;46,645;331,9;21241;6,894;16,441;8,746;99,416;13,765;0,776;0,108;0,291;3,576;1,045;33,88;2,941;0,072
LT-A4;3,5;2016;LaTremblade;LT-A4;44,391;2,247;48047;61,509;45,45;338,5;20660;6,83;15,998;8,864;97,39;12,557;0,798;0,106;0,306;3,638;1,015;34,302;2,687;0,077
LT-A5;4,5;2014;LaTremblade;LT-A5;48,994;2,189;50640;65,43;49,926;343;22053;7,32;17,39;9,434;111,21;14,305;0,87;0,115;0,339;3,863;1,039;36,893;3,092;0,084
LT-A8;7,5;2007;LaTremblade;LT-A8;53,023;2,711;53138;70,392;53,347;358,4;23366;7,714;19,027;11,207;119,314;15,199;0,765;0,127;0,381;4,12;1,131;41,586;2,823;0,119
LT-A10;9,5;2002;LaTremblade;LT-A10;56,734;2,506;55093;76,138;58,365;367,9;24700;8,11;20,38;11,781;126,77;16,125;0,836;0,144;0,398;4,571;1,203;43,026;3,153;0,139
LT-A13;12,5;1996;LaTremblade;LT-A13;59,191;2,573;56356;78,203;58,732;382;25532;8,325;20,91;11,926;134,443;16,048;0,794;0,138;0,438;4,655;1,245;45,542;2,996;0,162
LT-A15;14,5;1991;LaTremblade;LT-A15;67,762;2,831;62630;89,513;68,714;397;29190;9,39;24,424;14,077;154,161;18,653;1,075;0,159;0,426;5,13;1,389;54,41;3,083;0,2
LT-A17;16,5;1987;LaTremblade;LT-A17;52,515;2,06;51913;69,405;53,326;365,7;22988;7,54;18,545;10,491;121,195;15,071;0,647;0,135;0,425;4,147;1,44;42,412;2,845;0,16
LT-A20;19,5;1980;LaTremblade;LT-A20;61,78;2,946;58364;80,932;61,071;379,6;26160;8,561;21,886;12,669;138,168;15,809;0,763;0,146;0,416;4,712;1,265;47,384;2,973;0,175
LT-A23;22,5;1973;LaTremblade;LT-A23;59,936;2,548;57123;77,863;58,731;380,6;25438;8,272;21,045;12,452;132,434;14,902;0,671;0,143;0,419;4,669;1,253;45,217;2,874;0,174
LT-A24;23,5;1971;LaTremblade;LT-A24;66,316;2,614;60828;86,111;66,577;386,7;27370;8,844;23,181;13,386;146,815;15,732;0,833;0,156;0,436;4,951;1,361;50,743;3,193;0,22
LT-A26;25,5;1966;LaTremblade;LT-A26;62,698;2,361;58703;81,756;62,292;375,3;26256;8,497;22,001;12,488;138,688;16,173;1,007;0,148;0,405;4,801;1,286;49,019;3,255;0,243
LT-A29;28,5;1960;LaTremblade;LT-A29;62,037;2,743;57517;81,66;61,161;381,7;26186;8,543;21,886;12,733;137,285;15,692;1,093;0,143;0,465;4,793;1,294;48,497;3,405;0,215
LT-A31;30,5;1955;LaTremblade;LT-A31;50,823;2,226;51577;67,268;48,88;345,5;21907;7,219;17,803;9,92;107,83;14,559;0,643;0,107;0,272;3,931;1,126;40,264;2,848;0,113
LT-A33;32,5;1951;LaTremblade;LT-A33;50,105;2,128;48887;65,788;46,737;351,3;21408;7,112;17,342;9,967;102,41;14,966;0,531;0,095;0,217;3,857;1,109;38,735;2,507;0,079
LT-A36;35,5;1944;LaTremblade;LT-A36;51,511;2,32;49820;67,055;48,526;395,3;22603;7,343;17,816;9,95;112,641;16,168;0,683;0,093;0,203;4,007;1,074;39,316;2,312;0,07
LT-A38;37,5;1939;LaTremblade;LT-A38;53,787;2,43;52617;72,758;51,686;412,9;23575;7,644;18,688;10,661;110,603;15,836;0,552;0,103;0,206;4,312;1,129;42,119;2,418;0,075
LT-A42;41,5;1930;LaTremblade;LT-A42;64,973;2,7;58543;83,725;59,267;467,5;27564;8,8;22,563;12,638;119,549;19,888;0,8;0,105;0,203;4,783;1,294;46,274;2,657;0,086
LT-A45;44,5;1924;LaTremblade;LT-A45;60,198;2,347;55710;78,138;54,85;447,1;25625;8,333;20,804;11,262;110,527;17,966;0,649;0,093;0,188;4,534;1,193;42,608;2,314;0,08
LT-A49;48,5;1915;LaTremblade;LT-A49;63,261;2,555;58220;82,96;58,394;456,4;26734;8,531;22,009;16,796;115,149;20,194;0,819;0,144;0,202;4,762;1,538;44,007;2,75;0,079
LT-A51;50,5;1910;LaTremblade;LT-A51;56,998;2,49;57690;77,594;54,522;446,522;26060;8,515;20,776;11,332;112,361;20,88;0,939;0,096;0,189;4,192;1,331;38,314;2,658;0,068
LT-A54;53,5;1903;LaTremblade;LT-A54;52,073;2,427;54797;71,411;49,551;415,562;23494;7,735;18,774;9,994;97,695;16,065;0,62;0,093;0,176;3,994;1,11;36,849;2,33;0,059
LT-A59;58,5;1892;LaTremblade;LT-A59;51,656;2,236;54247;68,721;47,947;400,09;22627;7,805;18,324;9,849;92,63;14,743;0,748;0,089;0,151;3,763;1,083;36,006;2,3;0,05
LT-A63;62,5;1883;LaTremblade;LT-A63;60,931;2,772;58636;81,056;56,806;475,676;26357;8,682;21,789;11,885;110,94;18,508;0,953;0,093;0,182;4,526;1,263;39,945;2,536;0,094
LT-A83;82,5;;LaTremblade;LT-A83;47,859;2,339;52360;65,784;45,338;397,887;21759;7,354;17,424;9,297;79,391;13,705;0,541;0,078;0,115;3,704;1,061;32,709;2,308;0,045
LT-A103;102,5;;LaTremblade;LT-A103;50,888;3,048;54288;69,553;47,586;426,56;24167;7,8;18,773;9,712;97,524;16,528;0,579;0,074;0,106;3,911;1,1;36,187;2,026;0,046
BV_A1;0,5;2023;BaiedesVeys;BV_A1;22,663;1,128;27186;39,041;38,657;301,22;14233;3,752;10,084;7,585;55,176;9,402;0,516;0,192;0,244;2,094;0,587;18,815;2,333;0,046
BV_A3;2,5;2021;BaiedesVeys;BV_A3;19,019;0,861;23962;32,723;36,728;249,796;11385;3,177;8,154;6,021;45,301;6,425;0,688;0,159;0,235;2,069;0,545;15,738;2,452;0,028
BV_A6;5,5;2019;BaiedesVeys;BV_A6;20,413;0,844;25323;35,896;36,635;240,599;11942;3,494;8,918;6,274;47,895;8,4;2,719;0,171;0,236;1,76;0,659;17,103;3,129;0,028
BV_A9;8,5;2016;BaiedesVeys;BV_A9;18,985;0,912;24107;33,11;40,604;249,078;11496;3,241;8,178;5,476;44,826;8,711;1,987;0,158;0,227;1,644;0,61;15,343;2,891;0,032
BV_A11;10,5;2015;BaiedesVeys;BV_A11;19,807;0,99;24811;34,422;37,64;250,442;11975;3,401;8,772;6,131;47,981;8,748;2,944;0,173;0,247;1,709;0,662;16,247;3,104;0,035
BV_A14;13,5;2013;BaiedesVeys;BV_A14;17,664;0,86;22513;29,598;36,296;233,699;10564;2,99;7,517;5,294;43,213;7,71;1,77;0,165;0,235;1,53;0,569;14,929;2,806;0,033
BV_A17;16,5;2010;BaiedesVeys;BV_A17;18,707;0,901;23114;30,781;36,303;233,739;11171;3,158;7,8;6,022;45,366;7,794;1,515;0,178;0,24;1,649;0,559;15,32;2,455;0,036
BV_A20;19,5;2007;BaiedesVeys;BV_A20;17,272;0,793;22545;30,104;33,779;233,372;10992;3,036;7,681;5,783;43,67;8,253;1,5;0,2;0,243;1,622;0,57;15,09;2,591;0,039
BV_A21;20,5;2006;BaiedesVeys;BV_A21;18,234;1,004;23753;31,433;35,861;244,047;11508;3,171;7,93;5,984;45,518;9,311;1,613;0,221;0,255;1,848;0,582;15,668;2,93;0,043
BV_A23;22,5;2004;BaiedesVeys;BV_A23;17,28;0,861;22250;28,72;34,413;237,628;11126;2,938;7,362;5,364;42,259;7,625;1,89;0,185;0,241;1,626;0,588;15,171;2,45;0,029
BV_A26;25,5;2002;BaiedesVeys;BV_A26;16,574;0,798;21666;27,401;33,656;242,333;10232;2,822;6,861;4,999;39,941;6,573;1,739;0,18;0,243;1,658;0,571;13,843;2,75;0,032
BV_A29;28,5;1999;BaiedesVeys;BV_A29;15,043;0,868;20313;26,098;32,53;243,584;9655;2,677;6,367;4,661;37,644;6,361;1,542;0,164;0,233;1,418;0,546;13,311;2,906;0,029
BV_A32;31,5;1997;BaiedesVeys;BV_A32;16,453;0,75;20807;27,981;31,275;233,033;10199;2,828;7,205;5,546;42,68;6,982;1,499;0,2;0,267;1,702;0,544;16,919;2,43;0,061
BV_A33;32,5;1996;BaiedesVeys;BV_A33;18,475;0,92;23155;32,284;33,573;238,734;11587;3,319;8,74;7,05;51,687;7,91;1,689;0,233;0,325;2,175;0,606;20,207;2,471;0,053
BV_A35;34,5;1994;BaiedesVeys;BV_A35;19,453;0,912;24029;33,57;37,806;240,693;12190;3,501;9,054;7,29;53,834;7,829;1,155;0,243;0,3;2,362;0,638;22,485;2,188;0,06
ET_A1;0,5;2022;EtangdeThau;ET_A1;46,465;1,99;46592;82,12;67,193;226,111;25449;7,993;28,874;89,779;211,699;16,081;15,707;0,251;0,453;5,956;1,347;83,964;6,245;0,158
ET_A2;1,5;2019;EtangdeThau;ET_A2;47,952;1,882;46908;83,312;65,31;229,471;25928;7,952;28,63;89,584;213,025;16,109;17,042;0,236;0,443;5,956;1,279;86,062;6,353;0,171
ET_A3;2,5;2016;EtangdeThau;ET_A3;48,995;2,28;48871;86,671;68,089;243,171;26957;8,209;29,662;92,755;222,257;16,889;24,073;0,257;0,46;6,286;1,42;92,209;8,458;0,175
ET_A5;4,5;2010;EtangdeThau;ET_A5;49,489;1,997;48269;85,914;67,678;243,438;27231;8,374;29,986;96,527;228,328;17,325;28,971;0,268;0,499;6,416;1,674;95,4;9,774;0,183
ET_A6;5,5;2007;EtangdeThau;ET_A6;52,069;2,028;50379;89,008;70,739;247,569;28667;8,732;31,026;100,155;241,403;19,416;24,671;0,295;0,501;6,642;1,761;100,905;9,959;0,191
ET_A7;6,5;2004;EtangdeThau;ET_A7;51,517;2,23;50507;89,832;71,435;258,497;29629;8,765;31,255;101,097;243,736;19,517;26,166;0,29;0,518;6,827;1,867;104,476;10,643;0,193
ET_A10;9,5;1995;EtangdeThau;ET_A10;51,185;2,214;49671;95,249;70,376;258,963;29570;9,477;31,711;102,596;247,817;22,859;27,731;0,304;0,651;6,845;2,742;105,109;11,85;0,209
ET_A12;11,5;1989;EtangdeThau;ET_A12;53,13;2,361;52445;98,159;75,204;270,038;30380;9,848;33,392;114,779;273,922;23,591;30,468;0,367;0,721;7,421;3,097;114,969;13,135;0,237
ET_A13;12,5;1986;EtangdeThau;ET_A13;53,535;2,088;52797;94,618;75,696;271,393;29572;9,578;32,62;115,925;266,533;23,6;27,153;0,384;0,712;7,476;2,929;117,479;14,003;0,245
ET_A14;13,5;1983;EtangdeThau;ET_A14;53,772;1,945;52583;94,044;75,326;276,827;29928;10,109;33,318;117,237;274,661;23,614;26,706;0,383;0,842;7,501;3,121;118,606;14,436;0,26
ET_A17;16,5;1973;EtangdeThau;ET_A17;55,384;2,549;53943;96,952;78,434;322,469;30817;10,894;35,732;128,892;285,15;25,616;31,465;0,414;1,225;7,566;3,375;116,697;13,527;0,264
ET_A18;17,5;1970;EtangdeThau;ET_A18;48,025;2,063;46619;82,652;68,2;300,72;25950;9,711;30,359;122,494;247,144;21,437;25,032;0,326;0,797;6,871;2,867;107,66;12,273;0,284
ET_A19;18,5;1967;EtangdeThau;ET_A19;54,034;2,392;51816;89,878;77,126;329,708;29564;10,861;33,339;150,153;293,946;23,933;25,399;0,368;0,806;8,263;3,237;129,537;11,773;0,323
ET_A21;20,5;1961;EtangdeThau;ET_A21;53,461;2,286;51597;91,805;76,684;339,741;29153;11,926;31,456;168,234;301,558;24,638;25,916;0,33;0,662;8,37;2,857;136,255;11,444;0,335
ET_A24;23,5;1952;EtangdeThau;ET_A24;52,021;2,071;49640;90,534;67,646;328,026;27963;12,559;30,67;213,566;330,994;22,138;31,583;0,277;0,75;8,637;2,939;132,288;13,619;0,372
ET_A26;25,5;1946;EtangdeThau;ET_A26;54,313;2,15;49532;90,522;65,779;330,266;27971;11,862;31,286;199,312;333,669;23,077;33,905;0,267;0,962;8,681;3,018;124,556;14,977;0,358
ET_A29;28,5;1937;EtangdeThau;ET_A29;54,208;2,276;51908;97,889;69,244;362,818;29679;12,926;34,977;204,076;455,703;26,492;42,623;0,301;1,763;9,541;4,062;140,418;15,307;0,427
ET_A31;30,5;1931;EtangdeThau;ET_A31;51,013;2,206;49076;87,158;65,279;401,781;27938;11,047;31,463;176,549;383,79;23,42;42,585;0,307;1,231;10,144;3,616;157,33;15,402;0,523
ET_A33;32,5;1924;EtangdeThau;ET_A33;57,434;2,232;54058;95,296;71,66;390,854;31016;11,119;34,147;153,808;353,37;24,789;48,827;0,295;0,996;11,19;3,434;182,884;14,657;0,641
ET_A36;35,5;1915;EtangdeThau;ET_A36;58,037;2,194;57552;94,985;74,803;386,414;28991;10,224;34,291;69,748;228,279;17,722;22,744;0,237;0,731;8,493;2,034;127,904;8,866;0,62
ET_A38;37,5;1909;EtangdeThau;ET_A38;64,233;2,53;62729;101,149;81,645;336,826;30928;10,249;36,351;59,138;230,129;16,766;16,776;0,264;0,652;9,604;2,016;137,064;5,829;1,024
ET_A40;39,5;1903;EtangdeThau;ET_A40;53,398;2,139;51334;88,423;67,595;376,283;27054;8,945;30,344;44,657;204,761;13,325;10,904;0,249;0,56;8,899;1,694;148,439;6,326;0,885
ET_A42;41,5;1897;EtangdeThau;ET_A42;53,02;2,053;52014;90,571;67,406;332,508;26846;9,284;31,57;46,115;204,03;13,756;18,57;0,227;0,625;7,977;1,61;119,89;6,142;0,584
ET_A45;44,5;1888;EtangdeThau;ET_A45;54,419;1,922;50833;85,424;65,058;375,27;26123;8,192;30,539;34,788;134,774;11,877;9,116;0,168;0,455;6,312;1,167;81,33;4,916;0,278
ET_A47;46,5;1882;EtangdeThau;ET_A47;57,746;2,073;55799;88,695;71,98;354,638;28112;9,014;32,922;30,278;142,173;12,492;18,356;0,175;0,452;6,729;1,183;83,497;4,431;0,323
ET_A49;48,5;1876;EtangdeThau;ET_A49;55,094;2,156;52974;87,483;68,042;340,006;27864;8,276;31,887;29,82;147,67;12,405;12,283;0,2;0,457;7,067;1,255;92,411;5,386;0,402
ET_A51;50,5;1869;EtangdeThau;ET_A51;56,633;1,926;52467;83,162;68,805;367,545;27553;8,163;31,378;23,866;119,323;11,603;12,647;0,151;0,344;5,051;1,208;84,225;7,315;0,224
ET_A53;52,5;1863;EtangdeThau;ET_A53;54,63;1,935;52157;81,815;66,281;363,889;26943;8,12;30,503;23,338;116,271;11,528;15,118;0,15;0,373;5,181;1,16;70,972;7,011;0,237
ET_A56;55,5;1854;EtangdeThau;ET_A56;62,896;2,297;60126;95,115;75,063;379,909;30519;9,182;34,94;22,097;103,773;13,978;20,112;0,132;0,292;4,689;1,324;61,484;6,869;0,123
ET_A60;59,5;1842;EtangdeThau;ET_A60;62,244;2,314;61653;92,113;76,217;381,448;31512;9,231;34,789;19,592;88,279;18,471;12,322;0,109;0,235;3,838;1,621;50,879;4,971;0,072
ET_A63;62,5;1833;EtangdeThau;ET_A63;52,451;1,684;47921;77,046;60,134;412,202;25176;7,277;27,3;18,349;78,034;11,363;9,76;0,116;0,214;3,541;0,954;47,864;5,953;0,089
ET_A66;65,5;1824;EtangdeThau;ET_A66;59,498;2,139;55141;88,257;68,105;376,948;28084;8,381;31,272;19,855;86,103;11,44;18,064;0,122;0,229;3,64;0,982;44,684;7,758;0,074
ET_A69;68,5;1814;EtangdeThau;ET_A69;62,317;2,417;60093;101,906;74,15;416,486;29830;9,178;33,619;18,27;89,379;12,295;17,23;0,121;0,227;3,765;0,905;42,285;6,758;0,052
ET_A72;71,5;1805;EtangdeThau;ET_A72;59,608;2,464;57195;89,841;70,252;422,83;27052;8,317;31,614;15,429;82,427;11,146;7,013;0,102;0,181;3,462;0,931;37,901;4,646;0,044
ET_A74;74,5;1799;EtangdeThau;ET_A74;57,265;2,039;53836;84,605;66,831;329,604;26497;7,698;29,679;15,462;148,927;11,468;12,247;0,109;0,195;3,272;1,013;40,344;6,201;0,048
ET_A76;75,5;1790;EtangdeThau;ET_A76;65,267;2,713;62283;96,682;76,354;356,996;29981;9,395;34,964;18,787;182,778;13,319;14,013;0,123;0,27;3,845;1,068;41,907;4,935;0,049
BIL-A2;1,5;2023;Bilbao;BIL-A2;61,607;2,931;50157;84,222;92,888;300,495;35476;8,667;28,749;107,064;481,289;48,03;2,401;0,814;2,157;23,65;5,988;165,327;3,233;1,348
BIL-A4;3,5;2021;Bilbao;BIL-A4;61,996;2,695;50617;83,963;90,404;297,663;34692;8,391;27,852;101,837;473,431;46,626;2,354;0,807;1,971;25,16;5,702;160,583;3,469;1,368
BIL-A7;6,5;2017;Bilbao;BIL-A7;59,83;2,485;49214;82,277;89,854;275,959;33987;8,828;29,253;102,249;454,906;44,779;3,495;0,759;2,136;22,521;6,605;147,102;3,596;1,695
BIL-A11;10,5;2012;Bilbao;BIL-A11;57,183;2,267;47263;83,582;85,537;274,059;33568;8,684;28,34;113,109;471,968;45,392;3,62;0,886;2,46;25,834;6,038;155,828;3,526;1,386
BIL-A15;14,5;2006;Bilbao;BIL-A15;54,762;2,512;51092;104,736;106,517;327,669;41120;11,221;34,201;158,946;580,377;75,295;4,291;1,236;3,396;33,216;9,597;175,921;3,277;2,355
BIL-A19;18,5;2001;Bilbao;BIL-A19;51,899;2,183;48658;106,384;103,545;358,21;42550;11,539;36,199;162,969;574,381;76,712;4,184;1,275;3,634;31,472;9,004;176,344;2,902;2,374
BIL-A23;22,5;1996;Bilbao;BIL-A23;48,948;2,196;49051;110,799;114,907;394,546;43698;12,818;38,222;255,317;789,092;83,238;4,861;1,974;8,48;47,8;16,166;242,874;2,901;3,268
BIL-A25;24,5;1994;Bilbao;BIL-A25;42,588;2,171;44502;127,728;106,76;478,919;47758;14,535;38,01;221,569;700,453;97,793;4,792;1,729;5,394;48,925;23,815;257,652;2,596;3,341
BIL-A27;26,5;1991;Bilbao;BIL-A27;49,639;2,344;48500;140,339;98,24;476,485;49706;14,611;35,539;157,308;447,013;123,245;3,976;1,117;3,552;35,711;25,03;182,453;2,758;4,156
BIL-A28;27,5;1990;Bilbao;BIL-A28;60,24;2,495;55131;149,533;98,659;453,882;51482;14,93;36,795;106,196;362,099;114,938;3,703;0,817;2,645;26,412;21,732;156,3;2,857;3,57
BIL-A31;30,5;1986;Bilbao;BIL-A31;99,697;4,461;84950;136,32;93,669;227,929;45962;13,858;39,851;62,42;242,355;166,876;3,603;0,592;2,761;11,723;10,824;75,184;3,653;2,778
BIL-A34;33,5;1982;Bilbao;BIL-A34;64,958;2,735;61684;148,286;114,229;392,455;51460;15,102;40,76;216,202;636,96;142,562;5,481;1,945;6,017;44,567;48,06;236,286;3,084;8,851
BIL-A37;36,5;1978;Bilbao;BIL-A37;52,488;2,417;51479;165,933;102,183;524,87;55714;17,077;39,763;342,288;579,534;238,165;5,54;1,42;5,324;52,094;61,788;264,339;2,707;11,43
BIL-A41;40,5;1973;Bilbao;BIL-A41;60,783;2,597;59214;234,701;165,116;630,053;71146;24,604;54,303;276,888;766,817;517,53;11,765;3,497;4,182;94,808;203,754;581,002;3,47;31,671
BIL-A43;42,5;1970;Bilbao;BIL-A43;56,198;2,142;56201;258,458;165,108;698,919;71962;26,318;55,26;274,237;688,137;545,263;11,958;2,1;3,251;93,415;245,638;594,312;3,224;34,33
BIL-A46;45,5;1966;Bilbao;BIL-A46;38,751;1,872;41195;232,674;162,209;708,707;76197;24,906;52,876;253,912;820,396;378,571;8,147;2,573;5,635;75,674;94,346;374,491;2,734;14,31
BIL-A51;50,5;1960;Bilbao;BIL-A51;2,101;0,257;25709;668,416;557,018;1627,415;200747;95,231;147,18;172,662;1408,152;783,83;53,237;2,216;0,662;356,495;47,693;523,27;0,954;72,137
BIL-A54;53,5;1956;Bilbao;BIL-A54;3,567;0,373;24023;592,854;494,058;1430,927;181856;82,046;121,979;246,529;1322,343;1411,759;78,936;2,997;0,701;402,468;69,92;630,828;1,17;65,129
BIL-A57;56,5;1952;Bilbao;BIL-A57;3,632;0,229;22828;583,536;481,254;1413,843;182448;79,698;117,827;266,285;1312,749;1742,548;93,807;3,328;0,773;416,653;76,054;609,134;1,213;74,964
BIL-A59;58,5;1950;Bilbao;BIL-A59;3,224;0,266;23418;498,411;478,739;1095,302;140381;71,235;105,911;217,478;1437,061;2447,271;170,44;3,903;0,8;659,754;95,72;775,203;1,955;89,684
BIL-A61;60,5;1947;Bilbao;BIL-A61;3,106;0,229;23660;532,547;499,116;1191,526;155341;75,505;111,132;217,912;1438,403;2249,384;107,502;3,602;0,896;614,107;79,528;742,25;1,847;89,821
BIL-A63;62,5;1945;Bilbao;BIL-A63;4,811;0,269;22295;459,195;441,056;1096,352;133814;65,686;99,963;252,621;1213,87;1491,412;35,119;3,274;1,326;448,167;64,001;680,98;1,345;86,06
BIL-A66;65,5;1941;Bilbao;BIL-A66;6,708;0,502;27141;497,566;497,489;1081,117;142342;79,798;115,079;254,98;1995,216;1628,193;40,783;3,717;3,383;468,913;77,317;892,208;2,202;73,63
RK_A1;0,5;2023;Rostock;RK_A1;11,474;0,633;17932;27,252;25,898;2546,248;34729;4,739;11,392;27,051;176,298;13,985;0,972;0,356;0,581;2,836;0,599;29,342;1,223;0,48
RK_A4;3,5;2015;Rostock;RK_A4;10,681;0,562;19539;26,577;27,682;1693,485;33132;4,614;11,598;27,631;176,288;12,225;1,048;0,402;0,523;2,707;0,559;30,054;1,16;0,182
RK_A7;6,5;2008;Rostock;RK_A7;14,586;0,782;26157;33,142;34,072;1178,684;38564;5,494;14,182;42,648;329,167;13,533;2,702;1,047;0,875;5,494;0,791;88,793;2,001;0,417
RK_A10;9,5;2000;Rostock;RK_A10;16,989;0,796;30893;38,972;43,444;1123,023;40158;5,998;15,824;44,567;336,367;15,601;3,561;1,952;0,994;5,15;0,852;54,164;2,23;0,586
RK_A13;12,5;1992;Rostock;RK_A13;17,662;0,942;32524;44,285;62,623;1167,668;46878;6,321;18,296;61,652;488,257;19,747;6,755;4,362;1,506;7,864;1,318;89,101;2,768;1,778
RK_A16;15,5;1985;Rostock;RK_A16;17,982;1,069;35951;41,877;57,953;1104,311;40615;6,091;16,172;48,052;444,833;17,987;3,458;3,231;1,216;7,21;1,168;88,283;2,272;0,968
RK_A18;17,5;1980;Rostock;RK_A18;18,699;0,976;35359;45,51;73,827;1178,743;43778;6,429;17,67;51,071;386,799;19,429;4,209;3,382;1,309;7,029;1,207;80,224;2,35;1,389
RK_A19;18,5;1977;Rostock;RK_A19;17,941;0,984;35832;43,444;70,363;1180,977;43040;6,185;16,539;45,607;340,171;18,236;3,74;2,708;1,217;6,294;1,105;75,603;2,278;1,279
RK_A22;21,5;1970;Rostock;RK_A22;22,273;1,25;39517;51,236;83,993;1147,282;45588;7,084;17,432;45,202;317,905;18,835;3,099;2,363;1,173;5,86;1,116;74,072;2,182;0,965
RK_A24;23,5;1964;Rostock;RK_A24;18,409;0,995;37232;43,094;67,367;1177,942;43281;6,18;16,012;42,795;320,265;17,83;4,267;2,35;1,089;5,731;1,11;75,339;2,232;1,134
RK_A25;24,5;1962;Rostock;RK_A25;19,604;1,076;33300;47,024;67,368;1147,749;52346;6,831;17,255;53,46;357,896;21,521;4,219;2,53;1,339;7,107;1,355;86,743;2,278;1,15
RK_A27;26,5;1957;Rostock;RK_A27;17,179;1,127;28764;43,424;63,074;1192,526;53677;7,031;16,846;53,118;332,953;19,688;4,276;2,335;1,19;7,869;1,317;93,115;2,204;1,169
RK_A28;27,5;1954;Rostock;RK_A28;17,157;1,028;27728;44,999;67,412;1276,346;61861;7,32;17,818;60,699;351,262;21,706;5,799;2,318;1,257;8,145;1,35;106,364;2,446;1,341
RK_A31;30,5;1947;Rostock;RK_A31;15,803;0,834;25398;40,026;53,657;1224,618;53886;6,67;15,375;49,815;289,784;18,927;5,035;1,813;1,091;8,257;1,112;90,446;2,021;1,306
RK_A34;33,5;1939;Rostock;RK_A34;11,852;0,835;21166;30,59;35,819;1089,31;46617;5,699;11,69;38,602;204,318;15,922;3,96;0,985;0,748;7,602;0,944;82,276;1,674;0,814
RK_A37;36,5;1931;Rostock;RK_A37;11,098;0,73;20416;27,815;31,707;933,205;39629;5,018;9,986;49,521;171,546;13,565;2,535;0,81;0,682;7,923;0,817;111,023;1,518;0,714
RK_A40;39,5;1924;Rostock;RK_A40;7,29;0,575;16263;16,352;20,194;608,21;24524;3,153;5,435;22,233;86,142;8,638;1,216;0,416;0,331;11,66;0,498;837,67;0,919;0,634
RK_A43;42,5;1916;Rostock;RK_A43;10,618;0,672;20081;26,691;27,052;989,968;35897;4,764;9,177;56,71;147,623;12,068;1,499;0,606;0,61;8,245;0,716;86,3;1,282;0,876
RK_A46;45,5;1909;Rostock;RK_A46;8,124;0,414;16353;20,413;21,441;1025,597;33041;3,677;6,114;33,706;90,995;11,775;1,463;0,494;0,36;11,534;0,654;263,277;1,12;0,694
RK_A49;48,5;1901;Rostock;RK_A49;6,605;0,53;13567;16,118;15,984;1133,518;32424;3,157;4,72;29,117;58,455;11,243;1,49;0,541;0,221;8,618;0,496;788,228;1,033;0,842
RK_A52;51,5;1893;Rostock;RK_A52;4,497;0,402;11569;11,91;11,864;1083,77;21572;2,365;2,417;13,565;20,419;8,436;1,068;0,453;0,083;7,647;0,268;30,161;0,909;0,171
RK_A55;54,5;1886;Rostock;RK_A55;2,41;0,179;5510;6,064;5,603;1329,19;14910;1,601;2,743;7,704;13,017;5,411;0,665;0,095;0,048;5,451;0,121;11,416;0,394;0,068
RK_A58;57,5;1878;Rostock;RK_A58;2,809;0,196;6254;6,571;6,256;1288,541;15001;1,543;0,463;8,922;13,808;5,486;0,784;0,117;0,055;4,612;0,129;10,917;0,442;0,1
RK_A61;60,5;1870;Rostock;RK_A61;3,567;0,191;7189;8,43;7,935;1350,67;17020;1,758;1,057;14,273;22,488;6,355;0,822;0,298;0,085;5,941;0,224;13,048;0,472;0,107
RK_A64;63,5;1863;Rostock;RK_A64;3,52;0,293;7857;8,861;9,511;1365,23;18039;1,917;1,13;15,791;25,813;7,036;0,706;0,249;0,085;7,466;0,217;15,48;0,464;0,094
AT_A1;0,5;2023;Athens;AT_A1;30,682;1,064;34372;68,406;107,402;331,618;23444;9,214;63,598;84,727;388,964;16,586;3,323;0,432;0,41;6,289;1,708;148,388;2,376;1,8
AT_A3;2,5;2015;Athens;AT_A3;31,486;1,225;35218;72,373;109,834;314,388;24051;9,365;64,063;86,759;382,291;18,299;5,548;0,52;0,389;7,329;1,634;138,376;3,535;1,571
AT_A5;4,5;2007;Athens;AT_A5;38,868;1,565;44758;93,25;148,59;386,157;31698;11,771;80,948;117,059;565,801;26,508;7,156;0,906;0,659;11,8;2,069;196,767;5,255;1,063
AT_A6;5,5;2002;Athens;AT_A6;38,529;1,553;42960;90,159;142,553;398,806;30946;11,218;76,283;110,783;599,378;27,912;7,227;0,931;0,774;11,64;2,33;205,71;5,355;1,028
AT_A7;6,5;1998;Athens;AT_A7;36,874;1,517;41786;87,718;131,373;387,696;29753;10,698;73,804;105,905;572,269;26,167;7,19;0,862;0,768;11,207;2,351;201,07;4,885;0,955
AT_A8;7,5;1994;Athens;AT_A8;38,746;1,447;44816;97,348;139,382;471,314;33855;11,56;78,703;117,667;708,99;31,844;8,617;0,925;1,06;11,859;2,716;227,875;5,346;0,914
AT_A10;9,5;1986;Athens;AT_A10;34,228;1,422;38956;111,491;118,65;535,984;37930;10,935;74,033;106,62;832,375;37,589;17,943;1,196;1,576;11,715;4,18;296,812;4,92;0,866
AT_A12;11,5;1978;Athens;AT_A12;35,102;1,318;38314;99,229;107,925;579,517;38671;10,887;73,319;86,184;822,124;39,529;15,447;1,167;1,583;9,159;3,911;336,083;4,557;0,876
AT_A14;13,5;1970;Athens;AT_A14;36,806;1,278;41782;79,526;102,811;495,276;29955;10,027;68,366;44,605;444,63;28,59;6,162;0,673;0,966;5,277;2,111;262,59;4,689;0,727
AT_A16;15,5;1962;Athens;AT_A16;32,604;1,16;35299;63,597;76,865;319,343;20343;8,141;56,398;22,053;162,874;17,856;2,082;0,271;0,434;3,176;1,344;110,444;3,628;0,561
AT_A18;17,5;1954;Athens;AT_A18;33,006;1,277;34370;59,74;71,292;286,634;19001;7,588;54,688;18,467;104,468;15,796;1,601;0,18;0,275;2,898;1,178;68,51;3,316;0,531
AT_A20;19,5;1946;Athens;AT_A20;39,058;1,639;42653;74,198;92,593;366,451;23577;9,44;68,323;22,427;125,199;17,316;1,328;0,178;0,312;3,296;1,341;75,833;3,71;0,491
AT_A22;21,5;1938;Athens;AT_A22;38,203;1,398;41811;70,335;89,577;377,121;22940;9,195;65,977;18,591;97,132;14,398;0,853;0,127;0,208;2,86;1,043;60,301;3,332;0,504
AT_A24;23,5;1930;Athens;AT_A24;37,845;1,329;40214;68,241;87,052;357,464;22268;8,768;63,328;18,572;103,253;14,999;0,857;0,143;0,236;2,946;1,04;66,023;3,068;0,438
AT_A27;26,5;1918;Athens;AT_A27;36,837;1,492;40754;67,647;87,39;358,59;22395;8,91;64,124;16,426;89,022;14,456;0,755;0,101;0,192;2,53;0,925;52,305;2,875;0,412
AT_A29;28,5;1910;Athens;AT_A29;36,867;1,348;39994;67,935;86,186;364,98;22470;8,664;62,2;15,275;95,86;16,199;0,735;0,111;0,213;2,486;0,934;57,249;2,785;0,4
AT_A31;30,5;1902;Athens;AT_A31;38,155;1,587;42215;70,058;90,564;384,47;23695;9,077;65,011;14,182;87,379;15,421;0,578;0,09;0,175;2,38;0,893;48,568;2,568;0,367
AT_A34;33,5;1890;Athens;AT_A34;37,103;1,34;41040;68,522;86,332;341,86;21976;8,553;61,7;11,683;61,635;13,604;0,42;0,059;0,125;2,211;0,794;30,598;2,413;0,277
AT_A39;38,5;1870;Athens;AT_A39;33,633;1,209;36917;62,455;76,18;334,217;19409;7,541;53,427;8,103;45,331;14,075;0,325;0,042;0,088;1,701;0,712;17,977;2,492;0,211
AT_A44;43,5;1850;Athens;AT_A44;38,48;1,52;46285;76,138;96,955;407,22;24234;9,53;67,131;10,445;57,933;17,179;0,408;0,046;0,112;1,84;0,743;21,848;2,979;0,187
AT_A47;46,5;1838;Athens;AT_A47;37,531;1,296;45674;74,449;96,322;378,541;23933;9,213;65,992;9,703;56,712;14,584;0,371;0,041;0,104;1,747;0,739;20,689;3,091;0,161
AT_A50;49,5;1826;Athens;AT_A50;37,812;1,423;46221;75,657;96,348;369,485;24090;9,254;66,114;10,451;59,405;18,457;0,392;0,047;0,111;1,821;0,756;20,941;3,092;0,188
AT_A53;52,5;1813;Athens;AT_A53;40,135;1,443;49434;80,464;102,876;408,907;26079;10,126;71,06;10,787;60,956;22,027;0,442;0,05;0,119;1,966;0,829;23,126;3,412;0,186
AT_A56;55,5;1801;Athens;AT_A56;44,815;1,861;53237;85,685;110,578;419,468;28037;10,958;76,541;11,703;65,53;25,816;0,498;0,053;0,135;2,129;0,874;24,773;3,598;0,622
AT_A60;59,5;1785;Athens;AT_A60;41,611;1,499;49946;80,234;104,488;423,237;26691;10,745;75,957;11,496;62,677;25,661;0,494;0,049;0,129;2,003;0,839;25,229;3,437;0,247
AT_A65;64,5;1765;Athens;AT_A65;33,493;1,369;39814;62,368;86,362;436,274;22302;9,058;62,811;9,173;49,657;25,805;0,457;0,038;0,115;1,54;0,728;15,616;3,136;0,199
KR_A1;0,5;2023;Kristineberg;KR_A1;22,27;1,2;30308;59,103;30,922;196,633;19770;5,279;14,977;59,332;142,092;13,206;11,021;0,14;0,475;7,639;0,642;45,67;2,739;0,386
KR_A3;2,5;2016;Kristineberg;KR_A3;28,027;1,566;39025;73,529;40,447;260,314;26092;6,733;19,134;93,469;204,751;11,066;18,114;0,246;0,766;12,511;0,731;64,233;5,467;0,55
KR_A6;5,5;2007;Kristineberg;KR_A6;38,717;2,144;51328;101,842;56,152;348,469;35345;9,079;27,07;135,861;309,758;13,928;24,956;0,317;1,303;18,679;1,002;96,619;7,069;0,921
KR_A8;7,5;2000;Kristineberg;KR_A8;37,918;1,973;50019;102,149;56,063;338,047;35008;8,881;27,255;148,925;364,971;14,598;27,737;0,347;1,552;22,269;1,187;109,403;6,523;0,947
KR_A9;8,5;1997;Kristineberg;KR_A9;40,534;2,086;53788;111,593;62,112;369,629;37539;9,611;29,579;160,926;391,357;15,674;24,402;0,397;1,821;27,408;1,207;132,275;6,565;1,132
KR_A11;10,5;1990;Kristineberg;KR_A11;38,416;2,36;51080;106,15;59,852;345,593;36789;9,093;28,866;164,354;436,474;16,834;24,405;0,47;2,184;34,5;1,294;182,915;6,37;1,357
KR_A14;13,5;1981;Kristineberg;KR_A14;33,714;1,744;43160;91,778;51,554;304,128;31210;7,879;24,71;151,161;416,553;14,532;19,592;0,414;2,069;32,512;1,195;142,504;5,014;2,031
KR_A16;15,5;1974;Kristineberg;KR_A16;38,304;2,006;51037;106,564;61,897;341,51;36212;9,235;29,019;222,047;574,588;19,177;19,896;0,559;2,66;40,134;1,626;192,247;6,186;2,762
KR_A19;18,5;1964;Kristineberg;KR_A19;36,963;2,138;49037;104,198;59,509;335,153;36147;9,076;28,256;268,082;793,51;25,627;20,55;0,671;3,291;48,493;2,515;305,956;6,103;4,616
KR_A22;21,5;1955;Kristineberg;KR_A22;37,58;2,232;50371;100,046;57,374;347,394;37047;9,339;28,679;227,887;950,962;26,305;21,905;0,61;3,741;52,739;3,016;640,457;6,722;4,465
KR_A23;22,5;1951;Kristineberg;KR_A23;38,491;2,064;49457;97,418;55,654;335,75;35346;9,166;28,413;207,176;665,761;20,899;23,194;0,535;3,403;40,37;1,564;210,964;6,818;3,165
KR_A25;24,5;1945;Kristineberg;KR_A25;39,125;2,055;50350;92,492;53,357;335,913;35104;9,052;27,966;142,972;402,545;14,955;24,975;0,414;2,831;20,349;1,083;160,145;6,891;1,198
KR_A27;26,5;1938;Kristineberg;KR_A27;38,609;1,937;51300;90,603;54,2;361,627;34319;9,214;29,609;103,504;269,607;16,615;24,8;0,469;2,661;11,071;1,089;148,226;7,008;1,083
KR_A30;29,5;1929;Kristineberg;KR_A30;34,61;2,052;47090;82,191;50,9;329,283;31427;8,4;27,066;92,835;261,051;11,756;21,342;0,338;2,461;9,171;0,709;127,972;5,955;0,627
KR_A32;31,5;1922;Kristineberg;KR_A32;36,688;2,031;48798;86,135;53,224;347,358;32868;8,739;28,512;91,557;261,934;11,297;21,902;0,342;2,475;8,651;0,684;110,623;6,21;0,554
KR_A34;33,5;1916;Kristineberg;KR_A34;36,711;2;49584;86,892;60,354;354,227;33144;8,855;29,898;104,772;236,179;11,139;22,977;0,358;2,496;9,722;0,697;118,843;6,219;0,652
KR_A37;36,5;1906;Kristineberg;KR_A37;36,458;1,977;48056;84,098;52,582;342,936;31829;8,538;27,842;91,112;225,051;10,731;21,684;0,337;2,409;10,794;0,663;123,84;6,03;0,528
KR_A40;39,5;1896;Kristineberg;KR_A40;30,727;1,741;40764;71,598;46,921;292,859;27071;7,2;23,809;69,573;186,055;9,282;18,504;0,284;2,016;7,221;0,863;194,689;5,184;0,482
KR_A44;43,5;1883;Kristineberg;KR_A44;30,529;1,987;46982;82,04;166,58;355,913;29983;8,172;53,084;62,508;184,686;10,187;37,629;0,305;2,023;6,585;0,632;89,961;6,253;0,328
NA-A1;0,5;2023;Naples;NA-A1;39,983;6,989;67832;108,149;316,808;527,38;34827;8,536;20,701;105,802;199,323;29,249;2,759;0,701;0,311;26,415;1,265;121,965;5,453;0,211
NA-A4;3,5;2017;Naples;NA-A4;44,345;7,527;72785;112,744;286,147;503,009;35015;8,964;22,484;121,118;230,685;25,546;3,655;0,784;0,448;29,257;1,43;128,063;6,183;0,214
NA-A6;5,5;2012;Naples;NA-A6;44,768;7,286;72118;114,402;346,469;513,481;35044;8,978;22,57;121,814;227,319;25,14;3,54;0,827;0,435;30,567;1,469;134,288;6,463;0,247
NA-A8;7,5;2008;Naples;NA-A8;45,29;7,413;72345;115,476;375,788;513,423;35593;9,104;22,958;126,025;238,633;28,209;4,551;0,994;0,463;32,778;1,522;141,274;7,16;0,272
NA-A9;8,5;2006;Naples;NA-A9;45,534;7,332;70528;112,609;375,423;496,906;35692;8,804;22,796;127,852;239,907;31,137;5,888;1,024;0,49;34,32;1,645;146,432;7,501;0,24
NA-A11;10,5;2001;Naples;NA-A11;45,294;7,182;68163;108,965;368,774;471,072;34928;8,405;22,923;140,563;258,303;29,767;7,109;1,088;0,696;37,841;1,522;144,595;7,281;0,379
NA-A12;11,5;1999;Naples;NA-A12;47,164;7,447;70464;112,418;441,557;500,019;34918;8,815;22,545;130,184;245,459;27,745;4,894;1,224;0,563;37,258;1,492;154,805;7,136;0,283
NA-A14;13,5;1995;Naples;NA-A14;48,369;7,413;70779;115,094;519,789;504,154;35434;8,964;23,553;139,071;272,721;28,512;5,683;1,373;0,752;42,32;1,634;168,606;7,37;0,315
NA-A16;15,5;1990;Naples;NA-A16;47,64;7,541;70123;114,44;538,369;498,244;35117;9,1;23,592;141,086;277,331;27,201;5,978;1,571;0,831;41,914;1,702;174,406;7,521;0,301
NA-A18;17,5;1986;Naples;NA-A18;50,243;7,188;69584;114,541;703,007;476,839;34292;8,951;24,214;145,728;302,469;26,45;6,979;2,006;1,007;47,155;2,033;200,73;8,429;0,404
NA-A20;19,5;1982;Naples;NA-A20;49,35;7,308;70748;118,159;823,494;483,183;34812;9,141;24,486;150,757;318,796;27,12;8,231;2,264;1,153;50,847;2,198;214,438;9,242;0,366
NA-A22;21,5;1977;Naples;NA-A22;49,349;7,254;68913;115,893;855,689;470,508;34165;8,996;24,047;146,988;321,182;26,608;9,718;2,348;1,142;51,177;2,159;218,553;9,41;0,356
NA-A27;26,5;1966;Naples;NA-A27;46,433;7,417;66534;118,124;1365,353;491,385;33783;8,808;23,327;139,632;333,884;28,38;9,35;1,879;1,534;49,342;2,495;260,794;9,445;0,416
NA-A30;29,5;1960;Naples;NA-A30;46,051;7,489;65573;119,954;1797,89;494,126;33757;8,779;22,793;133,917;351,844;29,557;10,045;1,444;1,792;48,913;2,599;281,103;9,979;0,446
NA-A33;32,5;1953;Naples;NA-A33;46,267;7,12;65731;121,522;1669,253;512,452;33970;8,937;23,816;133,73;357,806;28,34;9,894;1,629;1,751;51,625;2,649;291,214;9,979;0,463
NA-A35;34,5;1949;Naples;NA-A35;42,958;6,851;64286;122,913;1480,348;538,795;34574;8,957;22,178;124,59;353,567;28,927;9,733;1,356;1,712;49,139;3,271;312,944;9,893;0,471
NA-A37;36,5;1944;Naples;NA-A37;41,016;7,199;63828;129,275;839,015;604,042;37755;9,363;21,576;114,884;350,16;33,063;11,048;0,984;1,289;50,207;4,14;348,182;9,63;0,482
NA-A39;38,5;1940;Naples;NA-A39;39,97;7,237;64104;131,162;714,274;635,741;37809;9,548;21,215;108,919;331,717;32,044;8,951;0,812;1,133;46,615;3,655;346,223;9,427;0,537
NA-A42;41,5;1934;Naples;NA-A42;40,626;7,126;63815;129,037;650,808;662,343;38424;9,48;20,597;110,919;328,63;34,071;8,848;0,801;1,167;47,55;3,158;328,762;9,081;0,449
NA-A45;44,5;1927;Naples;NA-A45;39,811;7,594;65950;133,881;330,503;730,408;42642;10,05;20,327;103,599;290,359;42,262;7,965;0,679;0,783;39,807;2,57;262,178;8,687;0,481
NA-A48;47,5;1920;Naples;NA-A48;42,099;8,032;69354;136,485;347,459;759,242;41555;10,229;20,445;105,821;294,207;36,366;5,486;0,616;0,728;38,643;2,78;266,443;8,123;0,537
NA-A50;49,5;1916;Naples;NA-A50;45,335;8,412;76897;145,904;132,883;816,648;44207;11,302;20,582;102,099;235,303;37,469;4,083;0,516;0,367;28,688;2,149;181,01;7,236;0,427
NA-A51;50,5;1914;Naples;NA-A51;44,154;8,535;75918;143,884;113,104;810,555;43085;11,15;20,506;99,42;229,283;36,512;3,939;0,527;0,356;27,083;2,066;170,381;6,998;0,43
NA-A53;52,5;1909;Naples;NA-A53;45,737;9,055;79518;153,302;114,374;816,427;45753;12,113;21,489;101,782;221,468;40,361;4,187;0,462;0,326;25,406;2,116;171,741;7,502;0,422
NA-A55;54,5;1905;Naples;NA-A55;46,121;8,499;77146;144,812;69,839;755,593;43059;11,706;20,222;92,572;182,085;38,071;3,97;0,373;0,261;20,335;2,002;149,783;7,191;0,393
NA-A57;56,5;1901;Naples;NA-A57;39,631;6,991;57580;119,07;114,64;630,907;35312;9,725;16,499;84,076;168,142;33,152;3,419;0,41;0,28;15,8;0,935;137,839;5,481;0,425
NA-A60;59,5;1894;Naples;NA-A60;39,877;9,1;86569;175,487;54,391;857,377;48035;14,927;22,31;84,956;156,037;37,659;4,06;0,762;0,186;17,348;1,767;132,15;8,085;0,356
NA-A62;61,5;1890;Naples;NA-A62;34,995;8,629;77758;155,67;46,94;748,442;42142;13,205;19,762;69,715;132,536;33,527;3,762;0,506;0,149;15,68;1,549;118,356;7,584;0,356
NA-A64;63,5;1885;Naples;NA-A64;36,565;9,191;82727;163,987;37,777;798,084;44897;14,21;20,342;68,909;131,962;34,98;3,948;0,251;0,136;14,382;1,513;119,058;8,158;0,302
TA_A1;0,5;2024;Tallin;TA_A1;36,078;2,391;57420;78,065;61,631;428,742;33903;11,65;30,265;31,261;104,586;8,606;11,621;0,195;0,494;3,073;1,363;27,92;5,959;0,068
TA_A2;1,5;2023;Tallin;TA_A2;39,571;2,333;64294;89,043;70,285;556,288;40088;13,76;32,88;31,853;117,338;7,505;6,473;0,251;0,56;3,44;1,095;31,362;5,248;0,05
TA_A5;4,5;2020;Tallin;TA_A5;36,478;2,111;60557;83,636;65,434;592,132;40168;13,827;32,604;36,196;116,623;7,079;13,822;0,162;0,766;3,218;1,074;30,297;5,92;0,065
TA_A8;7,5;2017;Tallin;TA_A8;41,39;2,53;67458;91,635;72,252;569,689;38734;13,704;31,563;29,717;116,451;6,434;7,896;0,172;0,477;3,492;0,79;34,306;5,701;0,052
TA_A11;10,5;2013;Tallin;TA_A11;42,143;2,541;66768;91,718;72,917;693,145;40463;14,072;33,61;31,249;123,367;7,524;7,484;0,196;0,57;3,648;1,131;36,229;5,259;0,077
TA_A14;13,5;2009;Tallin;TA_A14;41,485;2,425;66834;90,628;74,395;658,906;40273;13,503;32,884;32,472;127,05;7,86;4,975;0,236;0,628;3,666;1,072;39,591;5,171;0,088
TA_A16;15,5;2006;Tallin;TA_A16;40,217;2,302;60500;83,592;73,609;745,189;37051;12,933;30,663;32,682;128,512;8,908;2,178;0,319;0,592;3,983;1,477;47,234;4,353;0,123
TA_A19;18,5;2002;Tallin;TA_A19;40,74;2,462;63373;85,778;78,567;736,177;37141;11,948;30,621;35,459;138,941;10,751;1,886;0,389;0,733;4,146;1,465;51,359;5,001;0,131
TA_A22;21,5;1996;Tallin;TA_A22;41,242;2,565;66995;89,292;82,045;703,479;36987;11,828;30,831;35,132;136,703;12,433;2,079;0,393;0,774;4,38;1,358;49,652;5,018;0,108
TA_A25;24,5;1991;Tallin;TA_A25;40,856;2,699;63655;86,828;83,659;601,737;35573;12,121;31,158;35,962;145,545;15,84;2,3;0,437;0,789;4,453;1,576;51,131;4,895;0,122
TA_A27;26,5;1988;Tallin;TA_A27;39,68;2,242;62194;85,711;87,618;604,14;38033;12,502;31,476;35,498;132,461;14,879;3,17;0,445;0,806;4,555;1,622;49,321;4,406;0,13
TA_A28;27,5;1986;Tallin;TA_A28;42,39;2,5;63992;89,928;91,236;721,708;41923;13,619;34,77;38,868;153,889;14,49;5,658;0,444;1,099;4,668;2,03;52,914;5,166;0,121
TA_A29;28,5;1984;Tallin;TA_A29;42,012;2,353;64721;91,248;92,376;759,218;41559;14,298;35,791;39,799;167,528;13,267;7,13;0,439;1,195;4,577;2,285;54,452;5,513;0,13
TA_A31;30,5;1980;Tallin;TA_A31;41,357;2,383;64900;92,338;101,102;713,207;41499;13,882;36,755;47,718;193,894;13,375;10,488;0,565;1,677;5,033;2,466;65,759;6,197;0,152
TA_A34;33,5;1975;Tallin;TA_A34;40,834;2,626;64360;89,823;88,288;657,747;43742;14,734;36,083;67,259;281,174;18,681;12,513;0,738;2,82;5,207;3,473;89,101;6,589;0,194
TA_A37;36,5;1970;Tallin;TA_A37;39,013;2,562;59721;80,326;70,201;549,315;43171;12,976;30,541;48,42;207,637;14,002;9,929;0,507;1,649;4,702;2,364;73,49;6,211;0,285
TA_A40;39,5;1964;Tallin;TA_A40;43,587;2,495;66209;89,096;74,575;630,582;39694;12,195;30,343;33,797;144,979;10,18;2,387;0,445;0,605;4,505;1,484;58,544;5,67;0,184
TA_A42;41,5;1961;Tallin;TA_A42;43,532;2,596;66969;88,277;73,261;569,458;37379;12,247;30,403;32,106;148,593;11,1;1,976;0,25;0,71;4,348;1,468;54,997;5,386;0,144
TA_A45;44,5;1954;Tallin;TA_A45;45,541;2,621;68935;92,657;73,777;627,214;38190;11,817;31,12;31,822;145,233;10,878;2,974;0,23;0,575;4,29;1,2;52,659;6,194;0,111
TA_A47;46,5;1949;Tallin;TA_A47;43,192;2,388;63174;84,015;66,885;544,267;34873;11,347;28,097;28,769;124,394;9,972;0,968;0,2;0,448;3,945;1,097;48,02;5,203;0,1
TA_A49;48,5;1944;Tallin;TA_A49;43,624;2,496;66420;88,534;70,868;603,528;40387;12,096;29,473;29,298;123,527;10,943;1,485;0,193;0,359;3,984;1,031;47,48;5,394;0,095
TA_A51;50,5;1939;Tallin;TA_A51;35,888;2,185;56057;70,68;56,366;470,601;29411;9,408;22,89;22,003;92,175;5,865;0,78;0,159;0,217;3,211;0,699;38,086;4,594;0,079
BARC1-A1;0,5;2022;Barcelone;BARC1-A1;42,503;1,69;50594;55,405;103,986;335,406;22863;6,266;15,302;43,535;181,55;16,281;1,439;0,828;0,547;8,186;2,382;124,479;3,233;1,81
BARC1-A2;1,5;2016;Barcelone;BARC1-A2;55,773;1,915;55489;79,106;306,051;369,139;30016;8,027;25,56;110,941;402,332;30,902;4,07;2,129;2,059;16,738;6,78;314,594;4,437;8,589
BARC1-A4;3,5;2006;Barcelone;BARC1-A4;59,386;2,143;56552;83,646;324,068;374,967;31304;8,238;26,203;117,237;420,458;31,723;4,889;2,08;2,131;18,446;7,899;326,481;4,841;7,661
BARC1-A7;6,5;1991;Barcelone;BARC1-A7;61,012;2,128;56478;87,714;347,501;361,867;32259;8,966;26,846;113,551;349,057;32,937;10,183;1,501;1,843;15,892;10,688;303,513;5,731;6,566
BARC1-A9;8,5;1980;Barcelone;BARC1-A9;59,852;2,308;57555;78,372;149,218;364,269;29989;8,454;21,555;67,217;214,794;23,778;4,117;0,806;0,861;10,848;5,639;163,472;4,418;8,446
BARC1-A11;10,5;1970;Barcelone;BARC1-A11;52,26;2,008;52992;69,024;92,767;340,775;27220;7,825;17,924;50,653;159,568;18,972;2,453;0,468;0,539;10,276;3,669;116,901;3,752;5,752
BARC1-A12;11,5;1965;Barcelone;BARC1-A12;54,642;2,13;56129;73,771;89,029;371,513;29587;8,449;17,47;55,676;183,937;23,288;2,759;0,68;0,651;12,122;4,394;146,615;3,859;1,84
BARC1-A14;13,5;1954;Barcelone;BARC1-A14;55,932;1,997;57520;74,637;54,402;377,469;29457;8,32;17,163;42,621;140,067;17,932;1,348;0,483;0,309;7,749;2,959;106,444;3,653;1,197
BARC1-A16;15,5;1944;Barcelone;BARC1-A16;66,052;2,474;66249;86,294;54,732;434,692;33322;9,811;21,603;35,503;125,133;19,589;1,266;0,304;0,277;6,6;2,247;76,619;3,791;0,678
BARC1-A18;17,5;1934;Barcelone;BARC1-A18;64,231;2,259;64578;83,858;52,715;426,457;31018;9,521;21,791;26,557;105,304;15,111;1,125;0,18;0,27;5,042;1,729;51,712;3,472;0,363
BARC1-A19;18,5;1928;Barcelone;BARC1-A19;62,618;2,375;64028;81,877;51,307;443,983;30341;9,218;21,205;25,48;105,001;14,77;1,009;0,178;0,266;4,643;1,626;49,074;3,449;0,269
BARC1-A22;21,5;1913;Barcelone;BARC1-A22;56,746;2,022;56853;70,97;39,675;376,587;27994;8,417;17,825;21,636;87,544;14,428;0,992;0,123;0,217;4,115;1,229;39,544;2,908;0,066
BARC1-A24;23,5;1902;Barcelone;BARC1-A24;61,081;2,347;62398;80,497;44,264;403,475;29951;9,003;20,43;21,255;88,348;13,457;1,121;0,105;0,193;4,064;1,263;36,957;3,205;0,049
BARC1-A26;25,5;1892;Barcelone;BARC1-A26;55,266;2,246;56412;73,304;40,055;345,073;27500;8,253;18,554;19,648;78,891;15,367;1,488;0,104;0,165;3,74;1,239;33,789;2,853;0,053
BARC1-A28;27,5;1882;Barcelone;BARC1-A28;69,964;2,596;70716;92,627;54,914;471,867;38221;10,481;24,184;28,224;110,429;20,271;3,451;0,149;0,26;4,881;1,562;49,073;3,361;0,141
BARC1-A31;30,5;1866;Barcelone;BARC1-A31;65,058;2,573;68637;86,218;47,281;442,075;33406;9,802;22,013;22,933;93,953;15,58;1,317;0,097;0,179;4,471;1,284;37,835;3,314;0,053
BARC1-A34;33,5;1851;Barcelone;BARC1-A34;65,888;2,316;69074;88,519;47,225;422,583;33906;9,99;21,658;23,166;96,181;15,679;1,096;0,095;0,18;4,507;1,297;38,333;3,084;0,077
BARC1-A37;36,5;1835;Barcelone;BARC1-A37;62,852;2,399;65821;84,154;45,644;439,887;32522;9,717;20,533;22,188;93,191;15,281;1,202;0,11;0,199;4,336;1,237;38,214;3,134;0,04
BARC1-A42;41,5;1809;Barcelone;BARC1-A42;61,741;2,288;63277;81,607;42,618;406,286;30391;9,045;19,936;20,795;88,797;14,483;1,099;0,094;0,183;3,933;1,306;34,925;2,919;0,021
BARC1-A45;44,5;;Barcelone;BARC1-A45;73,636;2,995;77090;100,62;53,972;498,931;36927;11,246;24,631;26,031;111,033;16,722;1,217;0,106;0,224;4,548;1,51;41,709;3,187;0,023
BARC1-A48;49,5;;Barcelone;BARC1-A48;64,095;2,251;66370;85,538;44,788;426,57;32308;9,441;20,569;22,284;94,419;15,36;1,285;0,104;0,183;4,133;1,263;37,688;3,176;0,031
BARC1-A51;52,5;;Barcelone;BARC1-A51;66,244;2,539;67954;89,198;46,527;406,619;33625;10,09;21,955;23,634;100,818;15,963;1,397;0,1;0,201;4,182;1,36;39,168;3,273;0,03
BARC1-A54;55,5;;Barcelone;BARC1-A54;59,455;2,45;62140;81,545;43,697;379,949;30250;9,443;20,497;19,956;88,785;15,046;1,045;0,098;0,187;3,722;1,334;34,229;3,223;0,028
BARC1-A57;58,5;;Barcelone;BARC1-A57;63,111;2,401;64762;83,18;44,159;391,741;31758;9,453;20,353;20,263;87,524;14,515;1,301;0,095;0,171;3,869;1,289;32,503;3,349;0,034
BARC1-A60;61,5;;Barcelone;BARC1-A60;63,596;2,429;64591;84,772;44,85;392,006;31379;9,364;20,675;20,737;86,815;14,216;1,259;0,096;0,165;3,938;1,322;35,163;3,274;0,042
BARC1-A63;64,5;;Barcelone;BARC1-A63;65,586;2,668;66939;86,787;46,623;392,561;33263;9,723;21,603;21,75;89,865;15,522;2,171;0,098;0,172;4,012;1,368;32,6;3,323;0,03
TU_A1;0,5;2024;Turku;TU_A1;48,672;2,4;62208;92,03;92,698;415,141;45357;14,308;36,542;68,787;148,534;10,253;3,423;0,116;0,293;3,339;0,408;25,298;5,107;0,026
TU_A2;1,5;2023;Turku;TU_A2;60,92;2,811;77092;114,75;99,828;508,202;50289;17,539;43,353;51,636;168,628;11,128;4,382;0,136;0,349;3,72;0,385;29,133;6,206;0,025
TU_A5;4,5;2020;Turku;TU_A5;60,053;3,196;76766;114,102;99,107;504,156;50992;17,642;44,004;53,791;174,835;10,28;3,613;0,143;0,398;3,698;0,373;29,127;6,029;0,028
TU_A8;7,5;2016;Turku;TU_A8;63,119;3,05;78829;117,501;102,287;546,265;53092;18,497;44,648;44,719;176,069;11,71;3,401;0,145;0,394;3,848;0,412;31,53;6,331;0,029
TU_A11;10,5;2013;Turku;TU_A11;63,139;3,436;77804;116,285;101,749;566,178;53740;18,25;45,02;46,158;179,348;12,011;3,053;0,147;0,45;3,93;0,405;31,919;6,391;0,031
TU_A14;13,5;2010;Turku;TU_A14;64,282;3,031;77981;116,366;102,625;556,405;53703;17,988;44,928;43,216;182,446;11,472;2,357;0,15;0,405;3,981;0,432;34,198;6,261;0,034
TU_A18;17,5;2006;Turku;TU_A18;65,413;3,023;78429;117,291;102,076;564,533;53294;18,387;45,4;44,27;185,186;11,932;2,553;0,153;0,439;4,012;0,448;37,206;6,448;0,03
TU_A23;22,5;2001;Turku;TU_A23;64,42;3,241;77248;114,869;100,653;581,642;53281;19,065;46,433;43,734;188,845;12,035;3,818;0,162;0,537;4,088;0,452;36,756;6,468;0,033
TU_A28;27,5;1995;Turku;TU_A28;64,723;3,274;75382;112,901;99,386;610,748;51840;19,582;46,057;44,062;208,649;12,185;3,234;0,177;0,627;4,245;0,524;42,576;6,396;0,045
TU_A32;31,5;1991;Turku;TU_A32;62,669;3,22;74007;111,609;98,026;615,935;51230;19,263;46,299;41,044;213,569;12,685;2,566;0,189;0,675;4,337;0,603;46,41;6,286;0,056
TU_A34;33,5;1989;Turku;TU_A34;62,195;2,901;72287;109,359;96,698;605,688;50469;19,335;45,571;41,517;218,57;13,47;4,18;0,189;0,761;4,427;0,666;50,877;6,681;0,06
TU_A36;35,5;1987;Turku;TU_A36;61,352;3,279;72153;108,979;95,927;561,285;49167;20,044;46,313;42,103;230,853;13,063;4,051;0,206;0,885;4,52;0,713;55,243;6,589;0,07
TU_A38;37,5;1985;Turku;TU_A38;63,439;3,178;72854;111,184;98,282;593,846;51103;21,144;46,449;42,931;236,669;14,526;5,522;0,212;0,845;4,647;0,761;58,795;7,21;0,066
TU_A40;39,5;1982;Turku;TU_A40;59,733;3,01;69841;106,854;93,908;607,039;49671;21,415;44,679;43,162;255,881;14,506;6,108;0,22;0,995;4,701;0,873;63,527;7,291;0,073
TU_A42;41,5;1980;Turku;TU_A42;57,52;2,793;66217;101,896;88,519;565,314;45992;18,645;41,682;39,518;226,456;13,581;6,244;0,207;0,857;4,43;0,755;56,579;7,032;0,077
TU_A44;43,5;1978;Turku;TU_A44;62,889;3,093;71911;109,858;96,322;612,841;48356;20,359;43,611;39,974;232,724;14,929;4,028;0,217;0,744;4,747;0,771;58,291;6,929;0,084
TU_A47;46,5;1975;Turku;TU_A47;63,411;3,034;72857;110,941;96,717;663,644;49636;20,109;44,674;41,746;250,965;16,161;4,363;0,225;0,85;5,04;0,915;65,336;7,254;0,092
TU_A50;49,5;1972;Turku;TU_A50;61,279;3,084;70018;106,666;93,576;560,063;48010;21,548;43,142;43,577;257,675;15,934;5,658;0,254;1,052;5,348;1,036;63,686;7,237;0,099
TU_A53;52,5;1969;Turku;TU_A53;62,683;2,906;71011;107,892;93,483;528,342;47353;18,255;41,012;41,039;226,696;14,475;5,392;0,203;0,864;4,745;0,875;58,286;7,281;0,075
TU_A55;54,5;1967;Turku;TU_A55;62,372;3,269;70975;108,168;92,897;514,703;45843;15,376;40,337;37,736;221,696;12,829;2,789;0,18;0,651;4,466;0,856;53,447;7,028;0,074
TU_A58;57,5;1963;Turku;TU_A58;59,963;3,047;67701;103,358;88,375;476,809;44670;14,426;37,341;34,528;182,614;12,575;1,88;0,161;0,518;4,251;0,761;49,759;6,715;0,063
TU_A61;60,5;1960;Turku;TU_A61;67,815;3,426;85698;128,012;108,578;564,777;54175;18,47;47,006;41,312;220,073;14,156;1,679;0,17;0,533;4,736;0,847;53,183;6,877;0,063
TU_A64;63,5;1957;Turku;TU_A64;70,279;3,476;86630;132,41;111,579;575,223;55019;18,377;47,614;42,997;225,92;11,902;1,708;0,178;0,625;4,826;0,911;56,285;8,095;0,067
TU_A67;66,5;1954;Turku;TU_A67;68,77;3,384;85470;130,584;110,292;555,195;55371;20,162;46,778;40,881;206,386;13,705;2,37;0,17;0,443;4,483;0,784;52,187;8,242;0,045
TU_A70;69,5;1951;Turku;TU_A70;69,787;3,379;85912;132,031;112,425;553,444;56685;20,497;47,354;40,121;196,972;16,193;2,177;0,166;0,346;4,358;0,633;47,994;7,502;0,032
TU_A73;72,5;1947;Turku;TU_A73;69,084;3,709;85130;130,471;110,429;553,612;55347;20,217;46,422;38,712;185,381;16,222;3,1;0,159;0,255;4,245;0,571;41,523;7,558;0,024
TU_A75;74,5;1945;Turku;TU_A75;67,66;3,284;82411;127,032;106,496;555,203;55489;19,513;45,673;38,015;176,491;13,871;3,514;0,16;0,242;4,134;0,543;40,348;8,23;0,024
TU_A77;76,5;1943;Turku;TU_A77;70,481;3,583;84874;132,224;110,46;576,117;57435;20,319;47,228;39,675;184,562;14,35;2,658;0,167;0,234;4,33;0,568;41,766;8,541;0,024
TU_A80;79,5;1940;Turku;TU_A80;69,53;3,224;83180;129,729;108,384;596,132;56306;20,478;46,839;38,358;179,195;12,882;4,408;0,16;0,193;4,302;0,548;42,667;9,041;0,02
TU_A85;84,5;1935;Turku;TU_A85;73,964;3,491;88721;137,4;115,269;669,936;62311;20,957;48,664;39,199;188,911;14,648;3,819;0,165;0,209;4,529;0,549;42,367;8,893;0,017
TU_A89;88,5;1930;Turku;TU_A89;72,7;3,586;85721;133,452;111,629;684,281;56304;19,944;47,994;39,018;184,199;13,523;3,036;0,167;0,26;4,428;0,55;41,694;9,668;0,017
TU_A93;92,5;1926;Turku;TU_A93;71,691;3,403;84427;131,286;109,741;695,47;55461;19,524;46,177;39,05;179,762;12,88;3,719;0,17;0,228;4,435;0,578;40,373;10,177;0,018
GD-A2;1,5;2020;Gdansk;GD-A2;33,946;2,793;44188;64,963;90,164;420,252;62666;5,944;19,299;116,47;562,06;20,463;2,248;0,336;1,499;6,052;1,8;120,923;7,668;1,512
GD-A4;3,5;2016;Gdansk;GD-A4;35,777;3,542;51712;76,999;106,423;376,386;74028;6,076;20,633;126,942;625,659;23,062;3,2;0,364;1,943;6,278;1,54;128,851;9,339;0,323
GD-A6;5,5;2013;Gdansk;GD-A6;33,134;4,901;63692;103,151;142,555;446,412;109072;6,022;21,858;136,719;764,251;29,945;4,806;0,423;2,948;10,093;1,999;126,859;13,798;0,815
GD-A8;7,5;2010;Gdansk;GD-A8;25,447;5,118;62089;95,034;137,472;392,463;90641;5,11;19,341;124,182;713,204;23,017;3,655;0,364;3,078;5,896;1,786;121,065;12,482;0,327
GD-A10;9,5;2007;Gdansk;GD-A10;27,364;5,192;65875;103,448;148,135;435,987;102440;5,578;21,571;136,464;769,801;27,292;3,959;0,394;3,22;9,224;1,92;134,156;12,818;0,369
GD-A12;11,5;2005;Gdansk;GD-A12;28,9;4,635;61490;100,642;139,592;414,004;92736;5,349;20,465;132,443;810,08;27,056;4,704;0,519;3,788;7,068;1,878;131,85;13,031;0,599
GD-A14;13,5;2002;Gdansk;GD-A14;32,745;6,029;69977;121,204;162,335;482,082;122011;5,797;23,775;150,96;927,719;31,226;4,116;0,474;3,651;7,248;2,563;141,879;14,447;0,391
GD-A16;15,5;1999;Gdansk;GD-A16;25,068;5,52;65964;129,248;171,737;563,311;151381;5,402;29,591;135,369;977,862;36,643;5,109;0,482;4,019;7,316;2,231;122,853;15,242;0,645
GD-A18;17,5;1997;Gdansk;GD-A18;23,378;5,02;61528;109,035;147,298;522,335;120727;5,816;25,902;149,117;969,93;28,734;3,446;0,545;4,473;7,429;2,927;133,878;13,838;0,472
GD-A20;19,5;1994;Gdansk;GD-A20;18,115;5,362;64320;103,45;151,663;495,895;115759;5,114;20,889;183,208;1029,143;31,302;2,811;0,68;5,908;9,596;3,253;156,617;14,743;1,739
GD-A22;21,5;1992;Gdansk;GD-A22;16,87;5,695;66615;96,485;154,638;430,228;99222;5,326;21,253;149,108;1014,628;32,674;2,434;0,64;6,866;8,189;2,701;128,158;17,765;0,32
GD-A24;23,5;1989;Gdansk;GD-A24;16,62;5,15;61275;89,17;145,953;390,283;118926;5,771;23,142;114,249;1203,742;38,765;2,748;0,824;7,642;9,817;2,19;120,953;18,12;0,367
GD-A26;25,5;1986;Gdansk;GD-A26;16,196;5,608;65921;94,125;150,03;417,931;109120;5,879;23,754;105,58;1160,1;41,31;2,095;0,748;8,997;10,081;2,06;117,615;19,748;0,364
GD-A28;27,5;1985;Gdansk;GD-A28;11,193;5,323;58872;83,669;141,932;520,802;131005;6,276;23,264;92,468;1130,547;41,947;2,394;0,518;9,441;7,466;1,773;105,494;18,095;0,28
GD-A34;33,5;1980;Gdansk;GD-A34;11,149;5,523;59431;94,191;125,244;636,082;138465;6,8;28,235;92,988;1127,876;38,641;1,84;0,456;9,268;6,434;1,619;109,958;16,876;0,257
GD-A38;37,5;1977;Gdansk;GD-A38;13,666;4,943;55644;95,66;129,85;665,61;132889;7,215;32,535;105,078;1271,766;40,455;1,22;0,557;10,649;8,384;1,637;122,15;17,684;0,347
GD-A42;41,5;1974;Gdansk;GD-A42;13,227;4,542;58281;78,494;122,678;571,067;117435;8,134;33,35;99,962;1232,87;43,735;1,347;0,542;9,568;7,203;1,693;127,627;15,855;0,311
GD-A48;47,5;1969;Gdansk;GD-A48;9,85;5,676;58363;82,526;123,717;765,238;138118;7,801;32,339;85,929;1274,212;44,226;0,881;0,416;9,708;5,378;1,25;104,776;15,493;0,268
GD-A58;57,5;1962;Gdansk;GD-A58;11,952;4,503;46389;77,203;110,646;867,022;127246;8,322;33,673;64,743;1043,977;38,56;1,195;0,509;9,707;4,571;1,023;76,424;23,046;0,283
GD-A68;67,5;1957;Gdansk;GD-A68;4,765;5,746;55212;74,799;111,125;1123,827;153592;7,62;29,898;65,381;1124,454;36,538;0,783;0,225;7,909;2,592;0,91;71,43;13,666;0,132
GD-A80;79,5;1948;Gdansk;GD-A80;11,389;5,218;55291;72,515;117,318;704,042;129742;7,768;30,552;81,486;1264,86;35,681;1,074;0,481;11,495;6,201;1,397;100,64;16,702;0,331
GD-A82;81,5;1946;Gdansk;GD-A82;6,43;5,811;56624;74,767;109,78;835,022;163906;7,698;30,112;72,461;1175,927;36,921;1,045;0,29;8,078;3,671;1,232;87,877;14,619;0,369
GD-A84;83,5;1945;Gdansk;GD-A84;8,865;5,63;50704;71,348;116,303;863,511;156628;7,998;31,057;84,545;1214,561;34,527;1,171;0,502;12,276;5,659;1,32;93,415;21,535;0,295
